PRAGMA foreign_keys=OFF;
BEGIN TRANSACTION;
CREATE TABLE IF NOT EXISTS "User" ("id" text PRIMARY KEY, "name" text NOT NULL, "email" text NOT NULL UNIQUE, "password" text NOT NULL, "createdAt" text NOT NULL DEFAULT '2025-06-23T17:01:22.414Z', "role" text NOT NULL REFERENCES "Role" ("id"));
INSERT INTO User VALUES('ABC-123-JOHN','John Doe','john.doe@example.com','$2b$10$EwUyyJLdkDv/A/fjlQrt/O5xOog5YpEUbeIy3JqhN/pOQCuKhCCF2','2025-06-23T17:01:22.414Z','admin');
INSERT INTO User VALUES('ABC-123-JANE','Jane Doe','jane.doe@example.com','$2b$10$DoIbqrHNesGGEaAl4yH4EebaSgKJgqLk3pb8szIqZkCnccgIBQf6O','2025-06-23T17:01:22.414Z','user');
INSERT INTO User VALUES('XYZ-1122-GERRY','Gerry Voy','gerryvoy.2@gmail.com','$2b$10$Lbaj94Na4ts3vcvjFhYwEeNrLWGf3u7jtYMLFigOqq3jUyYiHuPjS','2025-06-23T17:01:22.414Z','admin');
CREATE TABLE IF NOT EXISTS "Role" ("id" text PRIMARY KEY, "name" text NOT NULL);
INSERT INTO Role VALUES('admin','Administrador');
INSERT INTO Role VALUES('user','Usuario de sistema');
CREATE TABLE IF NOT EXISTS "Product" ("id" text PRIMARY KEY, "description" text NOT NULL, "gender" text NOT NULL, "price" integer NOT NULL, "sizes" text NOT NULL, "slug" text NOT NULL UNIQUE, "stock" integer NOT NULL, "tags" text NOT NULL, "title" text NOT NULL, "type" text NOT NULL, "user" text NOT NULL REFERENCES "User" ("id"));
INSERT INTO Product VALUES('27d28b36-abe9-4d3e-a4f0-5627556fe0c8','Introducing the Tesla Chill Collection. The Men’s Chill Crew Neck Sweatshirt has a premium, heavyweight exterior and soft fleece interior for comfort in any season. The sweatshirt features a subtle thermoplastic polyurethane T logo on the chest and a Tesla wordmark below the back collar. Made from 60% cotton and 40% recycled polyester.','men',75,'XS,S,M,L,XL,XXL','mens_chill_crew_neck_sweatshirt',7,'sweatshirt','Men’s Chill Crew Neck Sweatshirt','shirts','ABC-123-JOHN');
INSERT INTO Product VALUES('510e079e-e69f-486c-bd52-46097e217356','The Men''s Quilted Shirt Jacket features a uniquely fit, quilted design for warmth and mobility in cold weather seasons. With an overall street-smart aesthetic, the jacket features subtle silicone injected Tesla logos below the back collar and on the right sleeve, as well as custom matte metal zipper pulls. Made from 87% nylon and 13% polyurethane.','men',200,'XS,S,M,XL,XXL','men_quilted_shirt_jacket',5,'jacket','Men''s Quilted Shirt Jacket','shirts','ABC-123-JOHN');
INSERT INTO Product VALUES('25028873-9a31-4475-92ec-1202f1718928','Introducing the Tesla Raven Collection. The Men''s Raven Lightweight Zip Up Bomber has a premium, modern silhouette made from a sustainable bamboo cotton blend for versatility in any season. The hoodie features subtle thermoplastic polyurethane Tesla logos on the left chest and below the back collar, a concealed chest pocket with custom matte zipper pulls and a french terry interior. Made from 70% bamboo and 30% cotton.','men',130,'S,M,L,XL,XXL','men_raven_lightweight_zip_up_bomber_jacket',10,'shirt','Men''s Raven Lightweight Zip Up Bomber Jacket','shirts','ABC-123-JOHN');
INSERT INTO Product VALUES('6ccaf337-fcad-4f2b-9886-070a6ae127d5','Introducing the Tesla Turbine Collection. Designed for style, comfort and everyday lifestyle, the Men''s Turbine Long Sleeve Tee features a subtle, water-based T logo on the left chest and our Tesla wordmark below the back collar. The lightweight material is double-dyed, creating a soft, casual style for ideal wear in any season. Made from 50% cotton and 50% polyester.','men',45,'XS,S,M,L','men_turbine_long_sleeve_tee',50,'shirt','Men''s Turbine Long Sleeve Tee','shirts','ABC-123-JOHN');
INSERT INTO Product VALUES('5c307f09-b4e9-4ac0-8572-2874d94bcca1','Introducing the Tesla Turbine Collection. Designed for style, comfort and everyday lifestyle, the Men''s Turbine Short Sleeve Tee features a subtle, water-based Tesla wordmark across the chest and our T logo below the back collar. The lightweight material is double-dyed, creating a soft, casual style for ideal wear in any season. Made from 50% cotton and 50% polyester.','men',40,'M,L,XL,XXL','men_turbine_short_sleeve_tee',50,'shirt','Men''s Turbine Short Sleeve Tee','shirts','ABC-123-JOHN');
INSERT INTO Product VALUES('a47be4b5-11d9-4e54-bbeb-cf73c27d898e','Designed for comfort, the Cybertruck Owl Tee is made from 100% cotton and features our signature Cybertruck icon on the back.','men',35,'M,L,XL,XXL','men_cybertruck_owl_tee',0,'shirt','Men''s Cybertruck Owl Tee','shirts','ABC-123-JOHN');
INSERT INTO Product VALUES('a414e8a3-67c0-400a-8e20-711aa2125a52','Inspired by our fully integrated home solar and storage system, the Tesla Solar Roof Tee advocates for clean, sustainable energy wherever you go. Designed for fit, comfort and style, the tee features an aerial view of our seamless Solar Roof design on the front with our signature T logo above ''Solar Roof'' on the back. Made from 100% Peruvian cotton.','men',35,'S,M,L,XL','men_solar_roof_tee',15,'shirt','Men''s Solar Roof Tee','shirts','ABC-123-JOHN');
INSERT INTO Product VALUES('d57f178e-1bd0-4e8b-8078-4902e8e12de6','Inspired by the world’s most unlimited resource, the Let the Sun Shine Tee highlights our fully integrated home solar and storage system. Designed for fit, comfort and style, the tee features a sunset graphic along with our Tesla wordmark on the front and our signature T logo printed above ''Solar Roof'' on the back. Made from 100% Peruvian cotton.','men',35,'XS,S,XL,XXL','men_let_the_sun_shine_tee',17,'shirt','Men''s Let the Sun Shine Tee','shirts','ABC-123-JOHN');
INSERT INTO Product VALUES('f3378b34-529c-453b-bf56-29797dbc05c6','Designed for fit, comfort and style, the Men''s 3D Large Wordmark Tee is made from 100% Peruvian cotton with a 3D silicone-printed Tesla wordmark printed across the chest.','men',35,'XS,S,M','men_3d_large_wordmark_tee',12,'shirt','Men''s 3D Large Wordmark Tee','shirts','ABC-123-JOHN');
INSERT INTO Product VALUES('dc61d0e7-9845-47f0-ba54-b8824e27f4cd','Designed for fit, comfort and style, the Tesla T Logo Tee is made from 100% Peruvian cotton and features a silicone-printed T Logo on the left chest.','men',35,'XS,S','men_3d_t_logo_tee',5,'shirt','Men''s 3D T Logo Tee','shirts','ABC-123-JOHN');
INSERT INTO Product VALUES('13446dc2-f72a-45c2-8b9a-96f5a57b86eb','Designed for comfort and style in any size, the Tesla Small Wordmark Tee is made from 100% Peruvian cotton and features a 3D silicone-printed wordmark on the left chest.','men',35,'XS,S,M','men_3d_small_wordmark_tee',2,'shirt','Men’s 3D Small Wordmark Tee','shirts','ABC-123-JOHN');
INSERT INTO Product VALUES('14e10e40-871d-49ea-a3b6-87160f8c654e','Designed to celebrate Tesla''s incredible performance mode, the Plaid Mode Tee features great fit, comfort and style. Made from 100% cotton, it''s the next best thing to riding shotgun at the Nürburgring.','men',35,'XS,S,M,L,XL,XXL','men_plaid_mode_tee',82,'shirt','Men''s Plaid Mode Tee','shirts','ABC-123-JOHN');
INSERT INTO Product VALUES('300608c1-c69d-4e11-b4f5-6833b6dc9c6c','Inspired by our popular home battery, the Tesla Powerwall Tee is made from 100% cotton and features the phrase ''Pure Energy'' under our signature logo in the back. Designed for fit, comfort and style, the exclusive tee promotes sustainable energy in any environment.','men',35,'XL,XXL','men_powerwall_tee',24,'shirt','Men''s Powerwall Tee','shirts','ABC-123-JOHN');
INSERT INTO Product VALUES('4e973f6d-4a76-4dec-987c-dbe8dcde09a3','Inspired by Tesla Battery Day and featuring the unveiled tabless battery cell, Battery Day Tee celebrates the future of energy storage and cell manufacturing. Designed for fit, comfort and style, Battery Day Tee is made from 100% cotton with a stylized cell printed across the chest. Made in Peru.','men',30,'XS,S,XXL','men_battery_day_tee',5,'shirt','Men''s Battery Day Tee','shirts','ABC-123-JOHN');
INSERT INTO Product VALUES('7fb0a26e-28e8-4849-97e9-0412c7637d7f','Designed for exceptional comfort and inspired by the Cybertruck unveil event, the Cybertruck Bulletproof Tee is made from 100% cotton and features our signature Cybertruck icon on the back.','men',30,'M,L','men_cybertruck_bulletproof_tee',150,'shirt','Men’s Cybertruck Bulletproof Tee','shirts','ABC-123-JOHN');
INSERT INTO Product VALUES('8c38b6f9-7a70-48e8-a9d7-1cb044b74a31','Inspired by the Model Y order confirmation graphic, the limited edition Haha Yes Tee is designed for comfort and style. Made from 100% Peruvian cotton and featuring the Tesla wordmark across the chest, the exclusive tee will commemorate your order for years to come.','men',35,'XS,S,M,L,XL,XXL','men_haha_yes_tee',10,'shirt','Men''s Haha Yes Tee','shirts','ABC-123-JOHN');
INSERT INTO Product VALUES('5ff967ae-4dc9-4adc-b098-c91fe64bde6e','Designed for fit, comfort and style, the limited edition S3XY Tee is made from 100% cotton with a 3D silicone-printed “S3XY” logo across the chest. Made in Peru. Available in black.','men',35,'XS,S,M,L','men_s3xy_tee',34,'shirt','Men''s S3XY Tee','shirts','ABC-123-JOHN');
INSERT INTO Product VALUES('4f5b1ca5-fd37-4edc-8786-1023d6771676','Designed for fit, comfort and style, the Men''s 3D Wordmark Long Sleeve Tee is made from 100% cotton and features an understated wordmark logo on the left chest.','men',40,'XL,XXL','men_3d_wordmark_long_sleeve_tee',15,'shirt','Men''s 3D Wordmark Long Sleeve Tee','shirts','ABC-123-JOHN');
INSERT INTO Product VALUES('2c9a9289-9c72-4db5-b98a-d949b9daed0c','Designed for fit, comfort and style, the Men''s 3D T Logo Long Sleeve Tee is made from 100% cotton and features an understated T logo on the left chest.','men',40,'XS,XXL','men_3d_t_logo_long_sleeve_tee',12,'shirt','Men''s 3D T Logo Long Sleeve Tee','shirts','ABC-123-JOHN');
INSERT INTO Product VALUES('1297e9ca-d52c-4b3c-9cb4-1605e60076cc','Introducing the Tesla Raven Collection. The Men''s Raven Lightweight Hoodie has a premium, relaxed silhouette made from a sustainable bamboo cotton blend. The hoodie features subtle thermoplastic polyurethane Tesla logos across the chest and on the sleeve with a french terry interior for versatility in any season. Made from 70% bamboo and 30% cotton.','men',115,'XS,S,M,L,XL,XXL','men_raven_lightweight_hoodie',10,'hoodie','Men''s Raven Lightweight Hoodie','hoodies','ABC-123-JOHN');
INSERT INTO Product VALUES('4a6a0797-b5a2-4a7a-a804-fa21a1c8ec18','Introducing the Tesla Chill Collection. The Chill Pullover Hoodie has a premium, heavyweight exterior and soft fleece interior for comfort in any season. The unisex hoodie features subtle thermoplastic polyurethane Tesla logos across the chest and on the sleeve, a double layer single seam hood and pockets with custom matte zipper pulls. Made from 60% cotton and 40% recycled polyester.','unisex',130,'XS,S,M,L,XL,XXL','chill_pullover_hoodie',10,'hoodie','Chill Pullover Hoodie','hoodies','ABC-123-JOHN');
INSERT INTO Product VALUES('107afea8-a6ca-4f12-b514-d585b6044eb9','Introducing the Tesla Chill Collection. The Men''s Chill Full Zip Hoodie has a premium, heavyweight exterior and soft fleece interior for comfort in any season. The hoodie features subtle thermoplastic polyurethane Tesla logos on the left chest and sleeve, a double layer single seam hood and pockets with custom matte zipper pulls. Made from 60% cotton and 40% recycled polyester.','men',85,'XS,L,XL,XXL','men_chill_full_zip_hoodie',100,'shirt','Men''s Chill Full Zip Hoodie','shirts','ABC-123-JOHN');
INSERT INTO Product VALUES('cfb29fc4-0bf0-403a-8714-dd96ea3468e3','Introducing the Tesla Chill Collection. The Men’s Chill Quarter Zip Pullover has a premium, heavyweight exterior and soft fleece interior for comfort in any season. The pullover features subtle thermoplastic polyurethane Tesla logos on the left chest and below the back collar, as well as a custom matte zipper pull. Made from 60% cotton and 40% recycled polyester.','men',85,'XS,S,M','men_chill_quarter_zip_pullover_-_gray',7,'shirt','Men''s Chill Quarter Zip Pullover - Gray','shirts','ABC-123-JOHN');
INSERT INTO Product VALUES('6bb2a535-c9c7-4416-88cf-0a5bfb86b4b3','Introducing the Tesla Chill Collection. The Men’s Chill Quarter Zip Pullover has a premium, heavyweight exterior and soft fleece interior for comfort in any season. The pullover features subtle thermoplastic polyurethane Tesla logos on the left chest and below the back collar, as well as a custom matte zipper pull. Made from 60% cotton and 40% recycled polyester.','men',85,'XS,S,M,L','men_chill_quarter_zip_pullover_-_white',15,'shirt','Men''s Chill Quarter Zip Pullover - White','shirts','ABC-123-JOHN');
INSERT INTO Product VALUES('f9c7822a-7243-4630-aa27-0bd5474d1dd3','The Unisex 3D Large Wordmark Pullover Hoodie features soft fleece and an adjustable, jersey-lined hood for comfort and coverage. Designed in a unisex style, the pullover hoodie includes a tone-on-tone 3D silicone-printed wordmark across the chest.','unisex',70,'XS,S,XL,XXL','3d_large_wordmark_pullover_hoodie',15,'hoodie','3D Large Wordmark Pullover Hoodie','hoodies','ABC-123-JOHN');
INSERT INTO Product VALUES('975657c8-fa43-43e4-bd67-af3dfb548eb5','As with the iconic Tesla logo, the Cybertruck Graffiti Hoodie is a classic in the making. Unisex style featuring soft fleece and an adjustable, jersey-lined hood for comfortable coverage.','unisex',60,'XS,S,M,L,XL,XXL','cybertruck_graffiti_hoodie',13,'hoodie','Cybertruck Graffiti Hoodie','hoodies','ABC-123-JOHN');
INSERT INTO Product VALUES('71cf2eac-bfec-42ff-9078-5257d41ec1e2','The Relaxed T Logo Hat is a classic silhouette combined with modern details, featuring a 3D T logo and a custom metal buckle closure. The ultrasoft design is flexible and abrasion resistant, while the inner sweatband includes quilted padding for extra comfort and moisture wicking. The visor is fully made from recycled plastic bottles. 100% Cotton.','unisex',30,'XS,S,M,L,XL,XXL','relaxed_t_logo_hat',11,'hats','Relaxed T Logo Hat','hats','ABC-123-JOHN');
INSERT INTO Product VALUES('9c619df4-8a3d-4a66-854c-1ab148ac663e','The Relaxed T Logo Hat is a classic silhouette combined with modern details, featuring a 3D T logo and a custom metal buckle closure. The ultrasoft design is flexible and abrasion resistant, while the inner sweatband includes quilted padding for extra comfort and moisture wicking. The visor is fully made from recycled plastic bottles. 100% Cotton.','unisex',35,'XS,S,M,L,XL,XXL','thermal_cuffed_beanie',13,'hats','Thermal Cuffed Beanie','hats','ABC-123-JOHN');
INSERT INTO Product VALUES('46d01865-ff6a-4d70-94a0-874fe802de27','The Women''s Cropped Puffer Jacket features a uniquely cropped silhouette for the perfect, modern style while on the go during the cozy season ahead. The puffer features subtle silicone injected Tesla logos below the back collar and on the right sleeve, custom matte metal zipper pulls and a soft, fleece lined collar. Made from 87% nylon and 13% polyurethane.','women',225,'XS,S,M','women_cropped_puffer_jacket',85,'hoodie','Women''s Cropped Puffer Jacket','hoodies','ABC-123-JOHN');
INSERT INTO Product VALUES('8125c6d2-6ccf-4bc7-a989-972b315e6ff5','Introducing the Tesla Chill Collection. The Women''s Chill Half Zip Cropped Hoodie has a premium, soft fleece exterior and cropped silhouette for comfort in everyday lifestyle. The hoodie features an elastic hem that gathers at the waist, subtle thermoplastic polyurethane Tesla logos along the hood and on the sleeve, a double layer single seam hood and a custom ring zipper pull. Made from 60% cotton and 40% recycled polyester.','women',130,'XS,S,M,XXL','women_chill_half_zip_cropped_hoodie',10,'hoodie','Women''s Chill Half Zip Cropped Hoodie','hoodies','ABC-123-JOHN');
INSERT INTO Product VALUES('9d2cc0fd-5879-404b-bfbb-9683497c81f2','Introducing the Tesla Raven Collection. The Women''s Raven Slouchy Crew Sweatshirt has a premium, relaxed silhouette made from a sustainable bamboo cotton blend. The slouchy crew features a subtle thermoplastic polyurethane Tesla wordmark on the left sleeve and a french terry interior for a cozy look and feel in every season. Pair it with your Raven Joggers or favorite on the go fit. Made from 70% bamboo and 30% cotton.','women',110,'XS,S,M,L,XL,XXL','women_raven_slouchy_crew_sweatshirt',9,'hoodie','Women''s Raven Slouchy Crew Sweatshirt','hoodies','ABC-123-JOHN');
INSERT INTO Product VALUES('1bbbd3b9-9863-45d5-a9f0-dabf7f57cac3','Introducing the Tesla Turbine Collection. Designed for style, comfort and everyday lifestyle, the Women''s Turbine Cropped Long Sleeve Tee features a subtle, water-based Tesla wordmark across the chest and our T logo below the back collar. The lightweight material is double-dyed, creating a soft, casual style with a cropped silhouette. Made from 50% cotton and 50%','women',45,'XS,S,M,L,XL,XXL','women_turbine_cropped_long_sleeve_tee',10,'shirt','Women''s Turbine Cropped Long Sleeve Tee','shirts','ABC-123-JOHN');
INSERT INTO Product VALUES('e3e0192e-ab1a-425b-b949-3ca0b7cee5ef','ntroducing the Tesla Turbine Collection. Designed for style, comfort and everyday lifestyle, the Women''s Turbine Cropped Short Sleeve Tee features a subtle, water-based Tesla wordmark across the chest and our T logo below the back collar. The lightweight material is double-dyed, creating a soft, casual style with a cropped silhouette. Made from 50% cotton and 50% polyester.','women',40,'XS,S','women_turbine_cropped_short_sleeve_tee',0,'shirt','Women''s Turbine Cropped Short Sleeve Tee','shirts','ABC-123-JOHN');
INSERT INTO Product VALUES('d11b02fd-6ef3-4d39-b563-5828ca8fe1ac','Designed for style and comfort, the ultrasoft Women''s T Logo Short Sleeve Scoop Neck Tee features a tonal 3D silicone-printed T logo on the left chest. Made of 50% Peruvian cotton and 50% Peruvian viscose.','women',35,'XS,S,M,L,XL,XXL','women_t_logo_short_sleeve_scoop_neck_tee',30,'shirt','Women''s T Logo Short Sleeve Scoop Neck Tee','shirts','ABC-123-JOHN');
INSERT INTO Product VALUES('a5019962-2429-4ff1-a0e3-d518094afc51','Designed for style and comfort, the ultrasoft Women''s T Logo Long Sleeve Scoop Neck Tee features a tonal 3D silicone-printed T logo on the left chest. Made of 50% Peruvian cotton and 50% Peruvian viscose.','women',40,'XS,S,L,XL,XXL','women_t_logo_long_sleeve_scoop_neck_tee',16,'shirt','Women''s T Logo Long Sleeve Scoop Neck Tee','shirts','ABC-123-JOHN');
INSERT INTO Product VALUES('0986a364-603c-4acc-8938-68b1a3fee4d8','Designed for style and comfort, the Women''s Small Wordmark Short Sleeve V-Neck Tee features a tonal 3D silicone-printed wordmark on the left chest. Made of 100% Peruvian cotton.','women',35,'XS,S,M,L,XL,XXL','women_small_wordmark_short_sleeve_v-neck_tee',18,'shirt','Women''s Small Wordmark Short Sleeve V-Neck Tee','shirts','ABC-123-JOHN');
INSERT INTO Product VALUES('1bad6a55-4912-4006-bb4d-a96b556c942d','Designed for style and comfort, the Women''s Large Wordmark Short Sleeve Crew Neck Tee features a tonal 3D silicone-printed wordmark across the chest. Made of 100% Peruvian pima cotton.','women',35,'XL,XXL','women_large_wordmark_short_sleeve_crew_neck_tee',5,'shirt','Women''s Large Wordmark Short Sleeve Crew Neck Tee','shirts','ABC-123-JOHN');
INSERT INTO Product VALUES('7dc36309-4abf-428f-bb3a-d4ccafebb53a','Designed to celebrate Tesla''s incredible performance mode, the Plaid Mode Tee features great fit, comfort and style. Made from 100% cotton, it''s the next best thing to riding shotgun at the Nürburgring.','women',35,'S,M','women_plaid_mode_tee',16,'shirt','Women''s Plaid Mode Tee','shirts','ABC-123-JOHN');
INSERT INTO Product VALUES('eba8a4f4-5146-46fe-bcb4-6bf3445293d5','Inspired by our popular home battery, the Tesla Powerwall Tee is made from 100% cotton and features the phrase ''Pure Energy'' under our signature logo in the back. Designed for fit, comfort and style, the exclusive tee promotes sustainable energy in any','women',130,'XS,S,M,L,XL,XXL','women_powerwall_tee',10,'shirt','Women’s Powerwall Tee','shirts','ABC-123-JOHN');
INSERT INTO Product VALUES('b3310d02-aa34-44ad-a5e9-11915a8c698e','Fully customized and uniquely styled, the Women''s Corp Jacket features a silicone-printed ''T'' logo on the left chest and prominent Tesla wordmark across the back.','women',90,'M,L,XL,XXL','women_corp_jacket',3,'shirt','Women''s Corp Jacket','shirts','ABC-123-JOHN');
INSERT INTO Product VALUES('ada4add0-1562-4c36-bba1-92325e3911b1','Introducing the Tesla Raven Collection. The Women''s Raven Joggers have a premium, relaxed silhouette made from a sustainable bamboo cotton blend. The joggers feature a subtle thermoplastic polyurethane Tesla wordmark and T logo and a french terry interior for a cozy look and feel in every season. Pair them with your Raven Slouchy Crew Sweatshirt, Raven Lightweight Zip Up Jacket or other favorite on the go fit. Made from 70% bamboo and 30% cotton.','women',100,'XS,S,M,L,XL,XXL','women_raven_joggers',162,'shirt','Women''s Raven Joggers','shirts','ABC-123-JOHN');
INSERT INTO Product VALUES('7ae4c26f-c6db-4a14-a4ac-bd6feb23567d','Designed for fit, comfort and style, the Kids Cybertruck Graffiti Long Sleeve Tee features a water-based Cybertruck graffiti wordmark across the chest, a Tesla wordmark down the left arm and our signature T logo on the back collar. Made from 50% cotton and 50% polyester.','kid',30,'XS,S,M','kids_cybertruck_long_sleeve_tee',10,'shirt','Kids Cybertruck Long Sleeve Tee','shirts','ABC-123-JOHN');
INSERT INTO Product VALUES('525d0bff-fab8-4b0c-a34a-63dc4a82a6a4','The Kids Scribble T Logo Tee is made from 100% Peruvian cotton and features a Tesla T sketched logo for every young artist to wear.','kid',25,'XS,S,M','kids_scribble_t_logo_tee',0,'shirt','Kids Scribble T Logo Tee','shirts','ABC-123-JOHN');
INSERT INTO Product VALUES('b6b63b27-8d8d-4e49-a86e-163c9e7a60f0','The Kids Cybertruck Tee features the iconic Cybertruck graffiti wordmark and is made from 100% Peruvian cotton for maximum comfort.','kid',25,'XS,S,M','kids_cybertruck_tee',10,'shirt','Kids Cybertruck Tee','shirts','ABC-123-JOHN');
INSERT INTO Product VALUES('118e0529-64c0-4614-bdde-09b0bdabbc77','The refreshed Kids Racing Stripe Tee is made from 100% Peruvian cotton, featuring a newly enhanced racing stripe with a brushed Tesla wordmark that''s perfect for any speed racer.','kid',30,'XS,S,M','kids_racing_stripe_tee',10,'shirt','Kids Racing Stripe Tee','shirts','ABC-123-JOHN');
INSERT INTO Product VALUES('074e38bc-71b4-4ba5-ac75-fe54290534f2','Designed for fit, comfort and style, the Tesla T Logo Tee is made from 100% Peruvian cotton and features a silicone-printed T Logo on the left chest.','kid',30,'XS,S,M','kids_3d_t_logo_tee',10,'shirt','Kids 3D T Logo Tee','shirts','ABC-123-JOHN');
INSERT INTO Product VALUES('110ec32a-4cec-47fc-89df-b15ee1f9133d','The checkered tee is made from long grain, GMO free Peruvian cotton. Peru is the only country in the world where cotton is picked by hand on a large scale. The 4,500-year-old tradition prevents damage to the fiber during the picking process and removes the need to use chemicals to open the cotton plants before harvest. This environmentally friendly process results in cotton that is soft, strong, and lustrous – and the tee will get even softer with every wash.','kid',30,'XS,S,M','kids_checkered_tee',10,'shirt','Kids Checkered Tee','shirts','ABC-123-JOHN');
INSERT INTO Product VALUES('4c240091-1ec4-49d3-a18f-d22a6dac6bcf','For the future space traveler with discerning taste, a soft, cotton onesie with snap closure bottom. Clear labeling provided in case of contact with a new spacefaring civilization. 100% Cotton. Made in Peru','kid',25,'XS,S','made_on_earth_by_humans_onesie',16,'shirt','Made on Earth by Humans Onesie','shirts','ABC-123-JOHN');
INSERT INTO Product VALUES('fc605cfb-fea0-4ae0-b9e1-b94f81828f69','The Kids Scribble T Logo Onesie is made from 100% Peruvian cotton and features a Tesla T sketched logo for every little artist to wear.','kid',30,'XS,S','scribble_t_logo_onesie',0,'shirt','Scribble T Logo Onesie','shirts','ABC-123-JOHN');
INSERT INTO Product VALUES('c05d21e8-e400-4615-b90f-f569b7f34ab8','Show your commitment to sustainable energy with this cheeky onesie for your young one. Note: Does not prevent emissions. 100% Cotton. Made in Peru.','kid',30,'XS,S','zero_emissions_(almost)_onesie',10,'shirt','Zero Emissions (Almost) Onesie','shirts','ABC-123-JOHN');
INSERT INTO Product VALUES('1a8ddef9-7859-49eb-9375-560a3e24e9d1','Wear your Kids Cyberquad Bomber Jacket during your adventures on Cyberquad for Kids. The bomber jacket features a graffiti-style illustration of our Cyberquad silhouette and wordmark. With three zippered pockets and our signature T logo and Tesla wordmark printed along the sleeves, Kids Cyberquad Bomber Jacket is perfect for wherever the trail takes you. Made from 60% cotton and 40% polyester.','kid',65,'XS,S,M','kids_cyberquad_bomber_jacket',10,'shirt','Kids Cyberquad Bomber Jacket','shirts','ABC-123-JOHN');
INSERT INTO Product VALUES('eb2a888a-7926-475f-a11c-c74002101f98','Cruise the playground in style with the Kids Corp Jacket. Modeled after the original Tesla Corp Jacket, the Kids Corp Jacket features the same understated style and high-quality materials but at a pint-sized scale.','kid',30,'XS,S,M','kids_corp_jacket',10,'shirt','Kids Corp Jacket','shirts','ABC-123-JOHN');
CREATE TABLE IF NOT EXISTS "ProductImage" ("id" text PRIMARY KEY, "product" text NOT NULL REFERENCES "Product" ("id"), "image" text NOT NULL);
INSERT INTO ProductImage VALUES('e48a1893-5c68-4ac1-96e4-11274fa8d797','27d28b36-abe9-4d3e-a4f0-5627556fe0c8','1740176-00-A_0_2000.jpg');
INSERT INTO ProductImage VALUES('2d37553a-f87d-4bd3-8a03-24f77f496687','27d28b36-abe9-4d3e-a4f0-5627556fe0c8','1740176-00-A_1.jpg');
INSERT INTO ProductImage VALUES('6569dc07-c2f4-4524-af37-5a2ce6ef8112','510e079e-e69f-486c-bd52-46097e217356','1740507-00-A_0_2000.jpg');
INSERT INTO ProductImage VALUES('6b5486b6-a944-409b-b5e5-bfe69d08c942','510e079e-e69f-486c-bd52-46097e217356','1740507-00-A_1.jpg');
INSERT INTO ProductImage VALUES('53f6bf57-c2f8-42d8-8bbc-a0f914e721ae','25028873-9a31-4475-92ec-1202f1718928','1740250-00-A_0_2000.jpg');
INSERT INTO ProductImage VALUES('83f94885-1c13-4a25-8f3e-1995305fbed3','25028873-9a31-4475-92ec-1202f1718928','1740250-00-A_1.jpg');
INSERT INTO ProductImage VALUES('ca9cd30d-a8c3-4722-946a-35fc75e6a4f4','6ccaf337-fcad-4f2b-9886-070a6ae127d5','1740280-00-A_0_2000.jpg');
INSERT INTO ProductImage VALUES('51323b72-6d32-4a49-8423-61429e96dd9d','6ccaf337-fcad-4f2b-9886-070a6ae127d5','1740280-00-A_1.jpg');
INSERT INTO ProductImage VALUES('9bf0b2f8-795b-479f-972f-e265c43295ed','5c307f09-b4e9-4ac0-8572-2874d94bcca1','1741416-00-A_0_2000.jpg');
INSERT INTO ProductImage VALUES('43522f8b-1693-4d4b-b02c-f681608f6617','5c307f09-b4e9-4ac0-8572-2874d94bcca1','1741416-00-A_1.jpg');
INSERT INTO ProductImage VALUES('1ff2e398-b670-4bd3-99d4-b900f9db798a','a47be4b5-11d9-4e54-bbeb-cf73c27d898e','7654393-00-A_2_2000.jpg');
INSERT INTO ProductImage VALUES('3a5dd65c-3533-4256-9286-e7bb160b87cd','a47be4b5-11d9-4e54-bbeb-cf73c27d898e','7654393-00-A_3.jpg');
INSERT INTO ProductImage VALUES('63b4578f-fca3-4677-9b26-30e701f00d52','a414e8a3-67c0-400a-8e20-711aa2125a52','1703767-00-A_0_2000.jpg');
INSERT INTO ProductImage VALUES('a52f1bce-0c9f-4dcb-9737-6e507b25bba0','a414e8a3-67c0-400a-8e20-711aa2125a52','1703767-00-A_1.jpg');
INSERT INTO ProductImage VALUES('055bf878-51ca-4a53-a4fe-71d70d0d2c98','d57f178e-1bd0-4e8b-8078-4902e8e12de6','1700280-00-A_0_2000.jpg');
INSERT INTO ProductImage VALUES('03dce826-a725-47ce-a542-a036ee24099d','d57f178e-1bd0-4e8b-8078-4902e8e12de6','1700280-00-A_1.jpg');
INSERT INTO ProductImage VALUES('fd2d6031-7bd5-4e65-b30a-0be5bcb9ccd8','f3378b34-529c-453b-bf56-29797dbc05c6','8764734-00-A_0_2000.jpg');
INSERT INTO ProductImage VALUES('08d02fa1-b644-4b5f-99f6-ae186cc6e306','f3378b34-529c-453b-bf56-29797dbc05c6','8764734-00-A_1.jpg');
INSERT INTO ProductImage VALUES('e5a658c1-9642-48b2-955a-72bebe0afd10','dc61d0e7-9845-47f0-ba54-b8824e27f4cd','7652426-00-A_0_2000.jpg');
INSERT INTO ProductImage VALUES('f7f3cdd2-a5c2-42ac-aa48-257969c93ffe','dc61d0e7-9845-47f0-ba54-b8824e27f4cd','7652426-00-A_1.jpg');
INSERT INTO ProductImage VALUES('85d512be-8c27-4e55-b671-d1a8168af415','13446dc2-f72a-45c2-8b9a-96f5a57b86eb','8528839-00-A_0_2000.jpg');
INSERT INTO ProductImage VALUES('22110fa2-1c5e-413c-a523-c94ae33f52f6','13446dc2-f72a-45c2-8b9a-96f5a57b86eb','8528839-00-A_2.jpg');
INSERT INTO ProductImage VALUES('7e878c21-fe39-4fa5-9158-421c67028057','14e10e40-871d-49ea-a3b6-87160f8c654e','1549268-00-A_0_2000.jpg');
INSERT INTO ProductImage VALUES('847f544a-4187-4aa3-884a-f4d2b191257a','14e10e40-871d-49ea-a3b6-87160f8c654e','1549268-00-A_2.jpg');
INSERT INTO ProductImage VALUES('2018e1d1-4814-4943-a124-39a99e037a09','300608c1-c69d-4e11-b4f5-6833b6dc9c6c','9877034-00-A_0_2000.jpg');
INSERT INTO ProductImage VALUES('dc51836b-067c-443d-bc72-e0d0e1c680e2','300608c1-c69d-4e11-b4f5-6833b6dc9c6c','9877034-00-A_2.jpg');
INSERT INTO ProductImage VALUES('d8d17c7d-61db-4630-9b7e-78b56b6dbcd0','4e973f6d-4a76-4dec-987c-dbe8dcde09a3','1633802-00-A_0_2000.jpg');
INSERT INTO ProductImage VALUES('925c78d2-68d3-4e1f-9453-ce018ab40266','4e973f6d-4a76-4dec-987c-dbe8dcde09a3','1633802-00-A_2.jpg');
INSERT INTO ProductImage VALUES('7bd87cc1-c6d8-427a-a5af-bd3a765a0546','7fb0a26e-28e8-4849-97e9-0412c7637d7f','7654399-00-A_0_2000.jpg');
INSERT INTO ProductImage VALUES('1e1f4932-9cfd-4d78-8937-593de0fb6ed3','7fb0a26e-28e8-4849-97e9-0412c7637d7f','7654399-00-A_1.jpg');
INSERT INTO ProductImage VALUES('645c5cb8-4f69-440a-8d87-df105155b1ce','8c38b6f9-7a70-48e8-a9d7-1cb044b74a31','7652410-00-A_0.jpg');
INSERT INTO ProductImage VALUES('bbf94573-483a-4564-8dfd-4bf25edebe5b','8c38b6f9-7a70-48e8-a9d7-1cb044b74a31','7652410-00-A_1_2000.jpg');
INSERT INTO ProductImage VALUES('44837817-261e-41d2-8759-b7b847eabe5a','5ff967ae-4dc9-4adc-b098-c91fe64bde6e','8764600-00-A_0_2000.jpg');
INSERT INTO ProductImage VALUES('4911d606-dc39-4c47-8e05-3a518d9605eb','5ff967ae-4dc9-4adc-b098-c91fe64bde6e','8764600-00-A_2.jpg');
INSERT INTO ProductImage VALUES('b5197a19-358b-4e2c-a1d6-c0fe60748f63','4f5b1ca5-fd37-4edc-8786-1023d6771676','8764813-00-A_0_2000.jpg');
INSERT INTO ProductImage VALUES('2865ec47-f833-46d8-8a42-ef9e807c54da','4f5b1ca5-fd37-4edc-8786-1023d6771676','8764813-00-A_1.jpg');
INSERT INTO ProductImage VALUES('a64b9809-40b2-4d7d-85c0-2a0956614869','2c9a9289-9c72-4db5-b98a-d949b9daed0c','8529198-00-A_0_2000.jpg');
INSERT INTO ProductImage VALUES('756e00d6-3bb0-421c-a900-a64920de596d','2c9a9289-9c72-4db5-b98a-d949b9daed0c','8529198-00-A_1.jpg');
INSERT INTO ProductImage VALUES('8bbcae06-6b86-44c6-8e32-76dc80c1394b','1297e9ca-d52c-4b3c-9cb4-1605e60076cc','1740245-00-A_0_2000.jpg');
INSERT INTO ProductImage VALUES('ff28e221-67d4-4f38-8b17-d87fbdfdaba2','1297e9ca-d52c-4b3c-9cb4-1605e60076cc','1740245-00-A_1.jpg');
INSERT INTO ProductImage VALUES('4d93ee60-abd4-44d5-8e33-e1456a3d5811','4a6a0797-b5a2-4a7a-a804-fa21a1c8ec18','1740051-00-A_0_2000.jpg');
INSERT INTO ProductImage VALUES('0bf10c52-6cb4-42b5-8ed9-aa25ebb678bf','4a6a0797-b5a2-4a7a-a804-fa21a1c8ec18','1740051-00-A_1.jpg');
INSERT INTO ProductImage VALUES('f25f0c71-f42d-4bbd-bdda-f37e2d6b204a','107afea8-a6ca-4f12-b514-d585b6044eb9','1741111-00-A_0_2000.jpg');
INSERT INTO ProductImage VALUES('c9475b6c-3554-4b8a-a268-fc767c212588','107afea8-a6ca-4f12-b514-d585b6044eb9','1741111-00-A_1.jpg');
INSERT INTO ProductImage VALUES('086a1af7-ffc4-45f4-b4b3-6e500585880a','cfb29fc4-0bf0-403a-8714-dd96ea3468e3','1740140-00-A_0_2000.jpg');
INSERT INTO ProductImage VALUES('9555c3ec-8afb-4f21-806a-638b5245740a','cfb29fc4-0bf0-403a-8714-dd96ea3468e3','1740140-00-A_1.jpg');
INSERT INTO ProductImage VALUES('690f0ff3-25cc-4e39-956a-70dca5f4a3c1','6bb2a535-c9c7-4416-88cf-0a5bfb86b4b3','1740145-00-A_2_2000.jpg');
INSERT INTO ProductImage VALUES('0ebb5299-d06c-4bf4-90f6-c9e06102a7bd','6bb2a535-c9c7-4416-88cf-0a5bfb86b4b3','1740145-00-A_1.jpg');
INSERT INTO ProductImage VALUES('72f2f5be-1b91-4eb5-ab9a-30534e56571a','f9c7822a-7243-4630-aa27-0bd5474d1dd3','8529107-00-A_0_2000.jpg');
INSERT INTO ProductImage VALUES('d6127674-66bb-485b-8c95-d39454b95766','f9c7822a-7243-4630-aa27-0bd5474d1dd3','8529107-00-A_1.jpg');
INSERT INTO ProductImage VALUES('6cc745bf-0cb6-4a1c-905f-c6de3b65a603','975657c8-fa43-43e4-bd67-af3dfb548eb5','7654420-00-A_0_2000.jpg');
INSERT INTO ProductImage VALUES('8f72c19f-2548-4600-9e7d-ed15e8250f10','975657c8-fa43-43e4-bd67-af3dfb548eb5','7654420-00-A_1_2000.jpg');
INSERT INTO ProductImage VALUES('0ae459a8-2f81-47cc-80e8-8b7fc095a20c','71cf2eac-bfec-42ff-9078-5257d41ec1e2','1657932-00-A_0_2000.jpg');
INSERT INTO ProductImage VALUES('4af30d22-55f6-4714-b90f-c2ea13cadfc4','71cf2eac-bfec-42ff-9078-5257d41ec1e2','1657932-00-A_1.jpg');
INSERT INTO ProductImage VALUES('88f4de2e-7d67-4e26-9b84-b971b8dc8547','9c619df4-8a3d-4a66-854c-1ab148ac663e','1740417-00-A_0_2000.jpg');
INSERT INTO ProductImage VALUES('a2191e00-ef59-4406-82cd-db1364b0bc03','9c619df4-8a3d-4a66-854c-1ab148ac663e','1740417-00-A_1.jpg');
INSERT INTO ProductImage VALUES('56aed4bb-74bc-4c4c-b2a7-290ed62232b0','46d01865-ff6a-4d70-94a0-874fe802de27','1740535-00-A_0_2000.jpg');
INSERT INTO ProductImage VALUES('40ec6b57-60ca-4eca-9a14-18be341aa2b8','46d01865-ff6a-4d70-94a0-874fe802de27','1740535-00-A_1.jpg');
INSERT INTO ProductImage VALUES('1f5708d5-180f-48c5-8fde-4c4aaba93821','8125c6d2-6ccf-4bc7-a989-972b315e6ff5','1740226-00-A_0_2000.jpg');
INSERT INTO ProductImage VALUES('dc68bc7e-a486-4e02-a09f-63f8313efc5d','8125c6d2-6ccf-4bc7-a989-972b315e6ff5','1740226-00-A_1.jpg');
INSERT INTO ProductImage VALUES('f6b3f504-9d11-4e80-991b-5a47f4fe6861','9d2cc0fd-5879-404b-bfbb-9683497c81f2','1740260-00-A_0_2000.jpg');
INSERT INTO ProductImage VALUES('f0ba733d-7b67-48cd-9ae5-0201ffa7846b','9d2cc0fd-5879-404b-bfbb-9683497c81f2','1740260-00-A_1.jpg');
INSERT INTO ProductImage VALUES('571d7c7d-e957-4f06-b53a-6db9014a3b27','1bbbd3b9-9863-45d5-a9f0-dabf7f57cac3','1740290-00-A_0_2000.jpg');
INSERT INTO ProductImage VALUES('27c7d335-e4b6-4606-b2e9-2350e0f116cb','1bbbd3b9-9863-45d5-a9f0-dabf7f57cac3','1740290-00-A_1.jpg');
INSERT INTO ProductImage VALUES('f2403743-1a4d-4717-8e51-5617c7798a90','e3e0192e-ab1a-425b-b949-3ca0b7cee5ef','1741441-00-A_0_2000.jpg');
INSERT INTO ProductImage VALUES('3329fd81-fea2-47ad-baac-cd66dd3a38d8','e3e0192e-ab1a-425b-b949-3ca0b7cee5ef','1741441-00-A_1.jpg');
INSERT INTO ProductImage VALUES('fbbf3931-d26a-4933-bb1b-92a22b1a66d1','d11b02fd-6ef3-4d39-b563-5828ca8fe1ac','8765090-00-A_0_2000.jpg');
INSERT INTO ProductImage VALUES('e203df54-1c07-44c4-b81b-a6fe70d0f990','d11b02fd-6ef3-4d39-b563-5828ca8fe1ac','8765090-00-A_1.jpg');
INSERT INTO ProductImage VALUES('34df6ed9-0320-48f2-b976-c0e514a56d2c','a5019962-2429-4ff1-a0e3-d518094afc51','8765100-00-A_0_2000.jpg');
INSERT INTO ProductImage VALUES('3d766796-2b88-417a-a81e-0b77b33baaf2','a5019962-2429-4ff1-a0e3-d518094afc51','8765100-00-A_1.jpg');
INSERT INTO ProductImage VALUES('a3d83a75-9234-4642-84fa-b992cf98374a','0986a364-603c-4acc-8938-68b1a3fee4d8','8765120-00-A_0_2000.jpg');
INSERT INTO ProductImage VALUES('9956b229-b97d-4174-b2fa-4a9f0b4589e4','0986a364-603c-4acc-8938-68b1a3fee4d8','8765120-00-A_1.jpg');
INSERT INTO ProductImage VALUES('1b2dfd84-1e2b-44d1-85d7-fb7b7b678ac8','1bad6a55-4912-4006-bb4d-a96b556c942d','8765115-00-A_0_2000.jpg');
INSERT INTO ProductImage VALUES('c9b23a37-6c85-42ff-9d1b-a64bfb519fa3','1bad6a55-4912-4006-bb4d-a96b556c942d','8765115-00-A_1.jpg');
INSERT INTO ProductImage VALUES('083b9058-1904-4671-a0fb-d50f2881841e','7dc36309-4abf-428f-bb3a-d4ccafebb53a','1549275-00-A_0_2000.jpg');
INSERT INTO ProductImage VALUES('6e75f1be-50f4-406c-8a33-4707f67ad902','7dc36309-4abf-428f-bb3a-d4ccafebb53a','1549275-00-A_1.jpg');
INSERT INTO ProductImage VALUES('a55dd193-a26a-4125-9af1-26b2b0f8486d','eba8a4f4-5146-46fe-bcb4-6bf3445293d5','9877040-00-A_0_2000.jpg');
INSERT INTO ProductImage VALUES('998b0ab7-f2f2-46d0-a33b-a5d632c26467','eba8a4f4-5146-46fe-bcb4-6bf3445293d5','9877040-00-A_1.jpg');
INSERT INTO ProductImage VALUES('25c7a8f6-1894-46b1-b4ed-9a3b16d05eaa','b3310d02-aa34-44ad-a5e9-11915a8c698e','5645680-00-A_0_2000.jpg');
INSERT INTO ProductImage VALUES('271de291-d5a3-48a4-b7e1-bda9c9c686bc','b3310d02-aa34-44ad-a5e9-11915a8c698e','5645680-00-A_3.jpg');
INSERT INTO ProductImage VALUES('5acbc13e-e633-424c-9e0a-23f3c003803b','ada4add0-1562-4c36-bba1-92325e3911b1','1740270-00-A_0_2000.jpg');
INSERT INTO ProductImage VALUES('13304040-cafe-4806-8aa6-9c9449256e41','ada4add0-1562-4c36-bba1-92325e3911b1','1740270-00-A_1.jpg');
INSERT INTO ProductImage VALUES('4d3c1721-56c0-420d-9b2c-5c7a2372a512','7ae4c26f-c6db-4a14-a4ac-bd6feb23567d','1742694-00-A_1_2000.jpg');
INSERT INTO ProductImage VALUES('b49052db-f2d6-4db3-8cf2-13766970bb97','7ae4c26f-c6db-4a14-a4ac-bd6feb23567d','1742694-00-A_3.jpg');
INSERT INTO ProductImage VALUES('6e08e562-2c90-47bc-a8a2-4832851e0e61','525d0bff-fab8-4b0c-a34a-63dc4a82a6a4','8529312-00-A_0_2000.jpg');
INSERT INTO ProductImage VALUES('db2849e4-50de-4493-b576-d990c634a757','525d0bff-fab8-4b0c-a34a-63dc4a82a6a4','8529312-00-A_1.jpg');
INSERT INTO ProductImage VALUES('e197dc4c-e664-40dd-9e35-ca6b184c49d1','b6b63b27-8d8d-4e49-a86e-163c9e7a60f0','8529342-00-A_0_2000.jpg');
INSERT INTO ProductImage VALUES('da437ae5-1135-4863-b864-a69885207c4e','b6b63b27-8d8d-4e49-a86e-163c9e7a60f0','8529342-00-A_1.jpg');
INSERT INTO ProductImage VALUES('03efeac2-7fde-4f7a-8f60-c97f90d5f81c','118e0529-64c0-4614-bdde-09b0bdabbc77','8529354-00-A_0_2000.jpg');
INSERT INTO ProductImage VALUES('6e501244-e834-4ee3-855b-5e8be2aa8b3b','118e0529-64c0-4614-bdde-09b0bdabbc77','8529354-00-A_1.jpg');
INSERT INTO ProductImage VALUES('00429bbc-7a87-44a5-b0a7-fa334b906c15','074e38bc-71b4-4ba5-ac75-fe54290534f2','7652465-00-A_0_2000.jpg');
INSERT INTO ProductImage VALUES('056d6b18-5457-43e1-857a-48c6ec280d69','074e38bc-71b4-4ba5-ac75-fe54290534f2','7652465-00-A_1.jpg');
INSERT INTO ProductImage VALUES('d0109766-8081-4f21-aa98-6842e3e868e7','110ec32a-4cec-47fc-89df-b15ee1f9133d','100042307_0_2000.jpg');
INSERT INTO ProductImage VALUES('1caf849f-55f1-4289-932c-26eb8b499fcc','110ec32a-4cec-47fc-89df-b15ee1f9133d','100042307_alt_2000.jpg');
INSERT INTO ProductImage VALUES('e85fe19e-11ad-46dc-8a44-30ad8ce44dbe','4c240091-1ec4-49d3-a18f-d22a6dac6bcf','1473809-00-A_1_2000.jpg');
INSERT INTO ProductImage VALUES('0704cf5d-f37c-4ee8-8263-f034d9be6a6e','4c240091-1ec4-49d3-a18f-d22a6dac6bcf','1473809-00-A_alt.jpg');
INSERT INTO ProductImage VALUES('5f1af28d-3108-4e8f-86af-2a749449ff57','fc605cfb-fea0-4ae0-b9e1-b94f81828f69','8529387-00-A_0_2000.jpg');
INSERT INTO ProductImage VALUES('2a2879be-ac70-47cd-aa47-bbf881119018','fc605cfb-fea0-4ae0-b9e1-b94f81828f69','8529387-00-A_1.jpg');
INSERT INTO ProductImage VALUES('5182906c-d78c-453b-ad10-074ff1f18761','c05d21e8-e400-4615-b90f-f569b7f34ab8','1473834-00-A_2_2000.jpg');
INSERT INTO ProductImage VALUES('b0769f73-aed9-46f2-89db-12a0a38f2c30','c05d21e8-e400-4615-b90f-f569b7f34ab8','1473829-00-A_2_2000.jpg');
INSERT INTO ProductImage VALUES('dac38037-c6aa-4996-86f7-418f0efbe9ff','1a8ddef9-7859-49eb-9375-560a3e24e9d1','1742702-00-A_0_2000.jpg');
INSERT INTO ProductImage VALUES('18fad92a-b4c0-4a3f-b44b-bfd97d0dd5a3','1a8ddef9-7859-49eb-9375-560a3e24e9d1','1742702-00-A_1.jpg');
INSERT INTO ProductImage VALUES('8310c0f4-2532-419f-b6f2-e2e78676d244','eb2a888a-7926-475f-a11c-c74002101f98','1506211-00-A_0_2000.jpg');
INSERT INTO ProductImage VALUES('d43c01f9-175a-45c1-8893-99bd012b4627','eb2a888a-7926-475f-a11c-c74002101f98','1506211-00-A_1_2000.jpg');
COMMIT;
